aback,9.77E-7
abase,3.63E-8
abate,4.79E-7
abbey,7.59E-6
abbot,2.69E-6
abhor,4.37E-7
abide,3.89E-6
abled,1.95E-7
abode,1.35E-6
abort,1.86E-6
about,0.00251
above,1.58E-4
abuse,4.57E-5
abyss,2.51E-6
acorn,1.2E-6
acrid,2.34E-7
actor,4.47E-5
acute,1.0E-5
adage,8.91E-7
adapt,9.55E-6
adept,2.14E-6
admin,8.32E-6
admit,3.8E-5
adobe,3.39E-6
adopt,1.55E-5
adore,5.01E-6
adorn,1.02E-6
adult,6.31E-5
affix,4.27E-7
afire,2.88E-7
afoot,7.76E-7
afoul,4.27E-7
after,0.00129
again,5.01E-4
agape,4.47E-7
agate,6.46E-7
agent,6.46E-5
agile,2.57E-6
aging,1.1E-5
aglow,1.62E-7
agony,3.98E-6
agora,5.25E-7
agree,9.33E-5
ahead,1.02E-4
aider,8.71E-8
aisle,5.25E-6
alarm,1.91E-5
album,1.05E-4
alert,2.14E-5
algae,3.47E-6
alibi,1.26E-6
alien,1.95E-5
align,4.27E-6
alike,1.35E-5
alive,5.75E-5
allay,4.9E-7
alley,7.41E-6
allot,6.17E-7
allow,1.02E-4
alloy,4.07E-6
aloft,1.2E-6
alone,1.45E-4
along,2.4E-4
aloof,9.77E-7
aloud,3.24E-6
alpha,1.78E-5
altar,6.31E-6
alter,1.12E-5
amass,5.89E-7
amaze,1.55E-6
amber,9.33E-6
amble,2.0E-7
amend,3.55E-6
amiss,8.51E-7
amity,7.76E-7
among,2.04E-4
ample,5.13E-6
amply,4.07E-7
amuse,1.32E-6
angel,2.82E-5
anger,2.63E-5
angle,2.4E-5
angry,4.57E-5
angst,1.82E-6
anime,1.82E-5
ankle,9.33E-6
annex,3.16E-6
annoy,2.88E-6
annul,3.09E-7
anode,7.24E-7
antic,2.14E-7
anvil,1.1E-6
aorta,8.32E-7
apart,6.03E-5
aphid,2.45E-7
aping,1.23E-7
apnea,1.0E-6
apple,5.75E-5
apply,6.46E-5
apron,2.29E-6
aptly,1.32E-6
arbor,3.09E-6
ardor,2.19E-7
arena,2.14E-5
argue,2.88E-5
arise,8.51E-6
armor,9.33E-6
aroma,1.7E-6
arose,5.37E-6
array,1.26E-5
arrow,1.35E-5
arson,2.51E-6
artsy,7.76E-7
ascot,1.15E-6
ashen,3.02E-7
aside,3.89E-5
askew,5.25E-7
assay,1.91E-6
asset,1.7E-5
atoll,7.08E-7
atone,7.24E-7
attic,4.27E-6
audio,2.95E-5
audit,1.1E-5
augur,3.02E-7
aunty,1.45E-6
avail,3.89E-6
avert,1.38E-6
avian,1.38E-6
avoid,7.41E-5
await,4.27E-6
awake,1.38E-5
award,7.59E-5
aware,6.03E-5
awash,5.75E-7
awful,2.88E-5
awoke,1.41E-6
axial,1.41E-6
axiom,1.05E-6
axion,8.51E-8
azure,2.24E-6
bacon,1.41E-5
badge,1.05E-5
badly,2.75E-5
bagel,1.51E-6
baggy,1.45E-6
baker,1.7E-5
baler,1.82E-7
balmy,5.01E-7
banal,7.59E-7
banjo,1.86E-6
barge,3.16E-6
baron,7.59E-6
basal,2.51E-6
basic,7.76E-5
basil,4.47E-6
basin,1.2E-5
basis,6.46E-5
baste,2.45E-7
batch,8.13E-6
bathe,1.66E-6
baton,4.37E-6
batty,6.17E-7
bawdy,3.63E-7
bayou,1.38E-6
beach,8.32E-5
beady,3.02E-7
beard,1.17E-5
beast,1.95E-5
beech,1.86E-6
beefy,5.5E-7
befit,1.17E-7
began,1.17E-4
begat,2.57E-7
beget,2.45E-7
begin,6.92E-5
begun,2.29E-5
being,8.91E-4
belch,1.86E-7
belie,2.82E-7
belle,6.17E-6
belly,1.26E-5
below,1.12E-4
bench,2.45E-5
beret,8.32E-7
berry,9.33E-6
berth,2.75E-6
beset,1.2E-6
betel,3.39E-7
bevel,4.07E-7
bezel,6.31E-7
bible,3.47E-5
bicep,5.25E-7
biddy,2.45E-7
bigot,1.51E-6
bilge,4.68E-7
billy,2.14E-5
binge,3.98E-6
bingo,5.13E-6
biome,5.37E-7
birch,3.16E-6
birth,5.89E-5
bison,1.82E-6
bitty,6.17E-7
black,2.88E-4
blade,1.55E-5
blame,4.27E-5
bland,3.16E-6
blank,1.38E-5
blare,2.45E-7
blast,2.09E-5
blaze,4.9E-6
bleak,2.69E-6
bleat,1.32E-7
bleed,5.25E-6
bleep,1.2E-6
blend,8.91E-6
bless,1.48E-5
blimp,6.03E-7
blind,3.31E-5
blink,5.37E-6
bliss,6.03E-6
blitz,3.72E-6
bloat,3.98E-7
block,7.59E-5
bloke,3.55E-6
blond,3.55E-6
blood,1.26E-4
bloom,8.51E-6
blown,1.62E-5
bluer,1.66E-7
bluff,3.8E-6
blunt,7.94E-6
blurb,6.17E-7
blurt,3.02E-7
blush,3.63E-6
board,1.74E-4
boast,3.24E-6
bobby,1.66E-5
boney,3.16E-7
bongo,7.41E-7
bonus,2.82E-5
booby,9.55E-7
boost,2.57E-5
booth,1.26E-5
booty,3.89E-6
booze,4.47E-6
boozy,3.31E-7
borax,3.02E-7
borne,4.68E-6
bosom,1.12E-6
bossy,9.33E-7
botch,2.51E-7
bough,5.37E-7
boule,1.32E-7
bound,2.88E-5
bowel,3.55E-6
boxer,5.5E-6
brace,5.25E-6
braid,1.74E-6
brain,8.71E-5
brake,8.91E-6
brand,6.76E-5
brash,8.91E-7
brass,1.12E-5
brave,2.14E-5
bravo,5.89E-6
brawl,3.39E-6
brawn,5.75E-7
bread,3.16E-5
break,1.51E-4
breed,1.2E-5
briar,7.24E-7
bribe,3.16E-6
brick,1.78E-5
bride,1.2E-5
brief,3.31E-5
brine,1.17E-6
bring,1.86E-4
brink,3.24E-6
briny,1.58E-7
brisk,1.58E-6
broad,3.39E-5
broil,2.75E-7
broke,7.08E-5
brood,1.78E-6
brook,5.5E-6
broom,2.63E-6
broth,2.45E-6
brown,1.02E-4
brunt,1.32E-6
brush,1.7E-5
brute,2.63E-6
buddy,2.51E-5
budge,1.7E-6
buggy,2.09E-6
bugle,8.32E-7
build,1.1E-4
built,1.17E-4
bulge,1.74E-6
bulky,2.0E-6
bully,7.41E-6
bunch,3.72E-5
bunny,7.59E-6
burly,6.61E-7
burnt,1.07E-5
burst,1.41E-5
bused,1.29E-7
bushy,9.55E-7
butch,2.34E-6
butte,1.23E-6
buxom,2.4E-7
buyer,1.07E-5
bylaw,3.98E-7
cabal,1.1E-6
cabby,8.91E-8
cabin,1.35E-5
cable,3.47E-5
cacao,7.24E-7
cache,4.27E-6
cacti,5.62E-7
caddy,9.12E-7
cadet,2.24E-6
cagey,2.45E-7
cairn,7.41E-7
camel,4.37E-6
cameo,3.02E-6
canal,1.66E-5
candy,1.95E-5
canny,7.76E-7
canoe,3.16E-6
canon,1.29E-5
caper,7.24E-7
caput,1.2E-7
carat,1.41E-6
cargo,1.55E-5
carol,1.05E-5
carry,7.76E-5
carve,2.57E-6
caste,3.98E-6
catch,7.41E-5
cater,3.55E-6
catty,3.63E-7
caulk,1.95E-7
cause,2.24E-4
cavil,1.1E-7
cease,1.07E-5
cedar,5.75E-6
cello,1.95E-6
chafe,2.51E-7
chaff,5.62E-7
chain,4.47E-5
chair,4.9E-5
chalk,4.9E-6
champ,7.94E-6
chant,3.98E-6
chaos,1.86E-5
chard,5.13E-7
charm,1.32E-5
chart,2.95E-5
chase,2.75E-5
chasm,9.12E-7
cheap,5.13E-5
cheat,1.15E-5
check,2.04E-4
cheek,9.12E-6
cheer,1.15E-5
chess,8.71E-6
chest,3.31E-5
chick,1.2E-5
chide,1.51E-7
chief,1.29E-4
child,2.0E-4
chili,5.37E-6
chill,1.51E-5
chime,1.38E-6
china,1.26E-4
chirp,6.17E-7
chock,7.24E-7
choir,7.59E-6
choke,5.25E-6
chord,4.47E-6
chore,1.41E-6
chose,3.55E-5
chuck,1.48E-5
chump,8.13E-7
chunk,4.37E-6
churn,1.17E-6
chute,1.55E-6
cider,3.16E-6
cigar,3.72E-6
cinch,4.47E-7
circa,3.72E-6
civic,1.0E-5
civil,8.51E-5
clack,4.07E-7
claim,8.91E-5
clamp,2.82E-6
clang,4.27E-7
clank,4.57E-7
clash,9.33E-6
clasp,1.26E-6
class,2.29E-4
clean,9.33E-5
clear,1.78E-4
cleat,2.34E-7
cleft,8.71E-7
clerk,1.0E-5
click,6.61E-5
cliff,1.26E-5
climb,1.66E-5
cling,3.09E-6
clink,4.17E-7
cloak,3.72E-6
clock,2.69E-5
clone,4.79E-6
close,2.29E-4
cloth,1.07E-5
cloud,2.88E-5
clout,1.7E-6
clove,8.13E-7
clown,8.51E-6
cluck,2.09E-7
clued,2.51E-7
clump,8.71E-7
clung,9.55E-7
coach,9.12E-5
coast,7.41E-5
cobra,3.24E-6
cocoa,4.37E-6
colon,3.98E-6
color,8.13E-5
comet,4.37E-6
comfy,4.27E-6
comic,2.63E-5
comma,1.86E-6
conch,6.17E-7
condo,4.27E-6
conic,2.63E-7
copse,2.19E-7
coral,7.24E-6
corer,3.8E-8
corny,1.7E-6
couch,1.48E-5
cough,8.91E-6
could,0.00115
count,6.76E-5
coupe,2.19E-6
court,2.57E-4
coven,1.0E-6
cover,1.2E-4
covet,6.61E-7
covey,4.07E-7
cower,3.55E-7
coyly,1.2E-7
crack,2.57E-5
craft,2.0E-5
cramp,1.1E-6
crane,8.32E-6
crank,4.07E-6
crash,3.55E-5
crass,9.12E-7
crate,2.95E-6
crave,2.95E-6
crawl,5.89E-6
craze,2.24E-6
crazy,1.17E-4
creak,3.31E-7
cream,4.17E-5
credo,5.89E-7
creed,5.01E-6
creek,2.34E-5
creep,6.92E-6
creme,1.32E-6
crepe,7.41E-7
crept,1.41E-6
cress,3.09E-7
crest,4.47E-6
crick,6.31E-7
cried,1.55E-5
crier,2.63E-7
crime,7.76E-5
crimp,4.07E-7
crisp,5.01E-6
croak,2.51E-7
crock,1.07E-6
crone,3.98E-7
crony,5.37E-7
crook,2.57E-6
cross,1.0E-4
croup,1.7E-7
crowd,5.01E-5
crown,3.63E-5
crude,1.0E-5
cruel,1.32E-5
crumb,9.33E-7
crump,5.62E-7
crush,1.48E-5
crust,5.01E-6
crypt,1.26E-6
cubic,5.13E-6
cumin,1.02E-6
curio,2.69E-7
curly,3.98E-6
curry,9.12E-6
curse,1.17E-5
curve,1.38E-5
curvy,1.41E-6
cutie,2.09E-6
cyber,9.55E-6
cycle,3.98E-5
cynic,6.46E-7
daddy,2.29E-5
daily,1.17E-4
dairy,1.23E-5
daisy,6.03E-6
dally,6.03E-7
dance,8.51E-5
dandy,1.78E-6
datum,3.31E-7
daunt,1.1E-7
dealt,1.58E-5
death,2.51E-4
debar,9.12E-8
debit,4.17E-6
debug,7.24E-7
debut,3.31E-5
decal,1.02E-6
decay,6.76E-6
decor,4.47E-6
decoy,1.1E-6
decry,3.98E-7
defer,1.58E-6
deign,1.82E-7
deity,3.55E-6
delay,2.51E-5
delta,1.32E-5
delve,1.38E-6
demon,1.15E-5
demur,6.03E-8
denim,3.31E-6
dense,9.55E-6
depot,8.91E-6
depth,3.55E-5
derby,1.26E-5
deter,3.02E-6
detox,1.95E-6
deuce,8.71E-7
devil,2.0E-5
diary,1.23E-5
dicey,4.68E-7
digit,5.89E-6
dilly,4.37E-7
dimly,6.17E-7
diner,3.02E-6
dingo,5.62E-7
dingy,6.61E-7
diode,1.15E-6
dirge,2.4E-7
dirty,3.55E-5
disco,6.03E-6
ditch,7.94E-6
ditto,2.4E-6
ditty,3.8E-7
diver,2.57E-6
dizzy,2.69E-6
dodge,8.51E-6
dodgy,2.09E-6
dogma,1.86E-6
doing,3.98E-4
dolly,3.47E-6
donor,8.32E-6
donut,2.04E-6
dopey,4.79E-7
doubt,7.94E-5
dough,7.24E-6
dowdy,2.57E-7
dowel,2.4E-7
downy,3.98E-7
dowry,1.35E-6
dozen,2.24E-5
draft,4.07E-5
drain,1.17E-5
drake,9.12E-6
drama,4.68E-5
drank,8.91E-6
drape,5.5E-7
drawl,3.02E-7
drawn,3.39E-5
dread,4.37E-6
dream,8.13E-5
dress,5.75E-5
dried,1.1E-5
drier,1.55E-6
drift,6.61E-6
drill,1.23E-5
drink,7.94E-5
drive,1.35E-4
droit,3.16E-7
droll,3.8E-7
drone,1.0E-5
drool,1.1E-6
droop,3.24E-7
dross,2.34E-7
drove,2.29E-5
drown,4.79E-6
druid,9.77E-7
drunk,4.07E-5
dryer,3.47E-6
dryly,2.14E-7
duchy,1.0E-6
dully,7.41E-8
dummy,4.37E-6
dumpy,2.09E-7
dunce,3.16E-7
dusky,6.76E-7
dusty,4.68E-6
dutch,2.57E-5
duvet,9.77E-7
dwarf,5.62E-6
dwell,3.72E-6
dwelt,4.47E-7
dying,4.27E-5
eager,1.07E-5
eagle,1.35E-5
early,2.69E-4
earth,1.15E-4
easel,4.79E-7
eaten,1.35E-5
eater,2.63E-6
ebony,2.19E-6
eclat,4.68E-8
edict,1.26E-6
edify,9.12E-8
eerie,2.14E-6
egret,2.09E-7
eight,1.05E-4
eject,9.77E-7
eking,8.71E-8
elate,2.14E-8
elbow,6.92E-6
elder,1.15E-5
elect,1.07E-5
elegy,5.13E-7
elfin,1.82E-7
elide,5.62E-8
elite,2.51E-5
elope,3.16E-7
elude,6.03E-7
email,4.79E-5
embed,8.71E-7
ember,9.33E-7
emcee,5.37E-7
empty,3.89E-5
enact,2.69E-6
endow,2.69E-7
enema,7.08E-7
enemy,5.01E-5
enjoy,1.23E-4
ennui,2.57E-7
ensue,8.13E-7
enter,6.46E-5
entry,4.68E-5
envoy,3.02E-6
epoch,1.55E-6
epoxy,1.26E-6
equal,4.47E-5
equip,3.16E-6
erase,4.57E-6
erect,3.31E-6
erode,1.07E-6
error,3.55E-5
erupt,9.33E-7
essay,1.7E-5
ester,1.15E-6
ether,2.51E-6
ethic,3.47E-6
ethos,2.09E-6
etude,3.72E-7
evade,2.45E-6
event,1.51E-4
every,6.17E-4
evict,9.33E-7
evoke,1.86E-6
exact,3.24E-5
exalt,3.98E-7
excel,5.37E-6
exert,2.29E-6
exile,6.92E-6
exist,5.37E-5
expel,1.82E-6
extol,2.0E-7
extra,9.55E-5
exult,6.31E-8
eying,1.38E-7
fable,1.45E-6
facet,1.51E-6
faint,6.03E-6
fairy,1.2E-5
faith,6.61E-5
false,4.27E-5
fancy,2.24E-5
fanny,2.95E-6
farce,2.14E-6
fatal,1.26E-5
fatty,6.31E-6
fault,4.37E-5
fauna,3.31E-6
favor,3.8E-5
feast,8.91E-6
fecal,1.02E-6
feign,3.8E-7
fella,3.09E-6
felon,1.48E-6
femme,1.55E-6
femur,1.0E-6
fence,1.62E-5
feral,1.95E-6
ferry,1.05E-5
fetal,2.51E-6
fetch,4.47E-6
fetid,1.95E-7
fetus,3.98E-6
fever,1.66E-5
fewer,2.04E-5
fiber,1.15E-5
fibre,4.68E-6
ficus,2.63E-7
field,1.74E-4
fiend,1.26E-6
fiery,3.72E-6
fifth,6.03E-5
fifty,1.95E-5
fight,1.7E-4
filer,2.82E-7
filet,6.31E-7
filly,1.41E-6
filmy,1.35E-7
filth,2.57E-6
final,1.91E-4
finch,3.55E-6
finer,2.51E-6
first,0.00129
fishy,1.91E-6
fixer,1.1E-6
fizzy,6.61E-7
fjord,6.46E-7
flack,8.91E-7
flail,3.55E-7
flair,3.47E-6
flake,1.62E-6
flaky,7.41E-7
flame,1.17E-5
flank,4.37E-6
flare,4.37E-6
flash,2.82E-5
flask,1.58E-6
fleck,3.72E-7
fleet,2.14E-5
flesh,1.58E-5
flick,4.27E-6
flier,8.32E-7
fling,2.14E-6
flint,5.89E-6
flirt,3.31E-6
float,8.71E-6
flock,4.9E-6
flood,2.19E-5
floor,8.71E-5
flora,5.01E-6
floss,1.51E-6
flour,1.0E-5
flout,1.78E-7
flown,6.76E-6
fluff,1.58E-6
fluid,1.66E-5
fluke,1.38E-6
flume,6.46E-7
flung,2.14E-6
flunk,1.48E-7
flush,6.31E-6
flute,3.31E-6
flyer,3.8E-6
foamy,2.57E-7
focal,4.68E-6
focus,1.0E-4
foggy,1.55E-6
foist,1.38E-7
folio,1.29E-6
folly,2.19E-6
foray,1.1E-6
force,1.7E-4
forge,6.03E-6
forgo,9.77E-7
forte,1.74E-6
forth,2.51E-5
forty,1.58E-5
forum,2.4E-5
found,4.79E-4
foyer,1.23E-6
frail,1.91E-6
frame,3.8E-5
frank,5.62E-5
fraud,2.34E-5
freak,1.2E-5
freed,7.08E-6
freer,9.77E-7
fresh,6.76E-5
friar,1.1E-6
fried,1.15E-5
frill,2.04E-7
frisk,8.32E-7
fritz,2.63E-6
frock,7.59E-7
frond,1.7E-7
front,1.91E-4
frost,8.91E-6
froth,5.62E-7
frown,1.82E-6
froze,2.63E-6
fruit,3.72E-5
fudge,2.14E-6
fugue,5.37E-7
fully,7.76E-5
fungi,3.02E-6
funky,4.27E-6
funny,1.05E-4
furor,3.31E-7
furry,3.63E-6
fussy,1.1E-6
fuzzy,4.47E-6
gaffe,4.57E-7
gaily,1.58E-7
gamer,4.17E-6
gamma,5.01E-6
gamut,7.41E-7
gassy,2.4E-7
gaudy,6.76E-7
gauge,1.05E-5
gaunt,7.94E-7
gauze,7.76E-7
gavel,4.57E-7
gawky,8.13E-8
gayer,2.34E-7
gayly,1.48E-8
gazer,9.12E-8
gecko,8.13E-7
geeky,8.71E-7
geese,2.24E-6
genie,2.57E-6
genre,1.48E-5
ghost,2.63E-5
ghoul,7.76E-7
giant,4.17E-5
giddy,1.66E-6
gipsy,4.47E-7
girly,1.7E-6
girth,8.32E-7
given,2.57E-4
giver,1.58E-6
glade,6.03E-7
gland,2.4E-6
glare,2.29E-6
glass,7.08E-5
glaze,1.91E-6
gleam,9.33E-7
glean,5.37E-7
glide,2.14E-6
glint,4.47E-7
gloat,4.17E-7
globe,1.91E-5
gloom,2.04E-6
glory,2.29E-5
gloss,2.95E-6
glove,5.37E-6
glyph,5.01E-7
gnash,1.07E-7
gnome,1.58E-6
godly,1.82E-6
going,8.71E-4
golem,6.17E-7
golly,5.13E-7
gonad,7.59E-8
goner,2.82E-7
goody,1.1E-6
gooey,7.24E-7
goofy,3.72E-6
goose,6.92E-6
gorge,2.51E-6
gouge,5.13E-7
gourd,6.61E-7
grace,3.63E-5
grade,6.31E-5
graft,2.95E-6
grail,2.88E-6
grain,1.51E-5
grand,8.13E-5
grant,4.68E-5
grape,5.01E-6
graph,1.12E-5
grasp,9.33E-6
grass,2.4E-5
grate,1.48E-6
grave,2.04E-5
gravy,3.02E-6
graze,1.05E-6
great,7.59E-4
greed,5.37E-6
green,1.35E-4
greet,5.37E-6
grief,1.2E-5
grill,6.92E-6
grime,1.23E-6
grimy,5.75E-7
grind,8.71E-6
gripe,6.46E-7
groan,1.32E-6
groin,1.82E-6
groom,4.27E-6
grope,4.79E-7
gross,2.82E-5
group,3.72E-4
grout,6.76E-7
grove,8.71E-6
growl,1.38E-6
grown,4.68E-5
gruel,2.75E-7
gruff,6.46E-7
grunt,1.41E-6
guard,5.37E-5
guava,4.07E-7
guess,1.48E-4
guest,3.8E-5
guide,5.62E-5
guild,8.51E-6
guile,5.62E-7
guilt,1.35E-5
guise,2.95E-6
gulch,6.03E-7
gully,1.29E-6
gumbo,5.01E-7
gummy,9.33E-7
guppy,3.09E-7
gusto,1.0E-6
gusty,3.89E-7
gypsy,3.55E-6
habit,1.74E-5
hairy,6.31E-6
halve,3.98E-7
handy,9.33E-6
happy,2.24E-4
hardy,7.24E-6
harem,1.35E-6
harpy,3.16E-7
harry,5.25E-5
harsh,1.38E-5
haste,2.34E-6
hasty,1.95E-6
hatch,6.61E-6
hater,1.38E-6
haunt,3.47E-6
haute,1.58E-6
haven,1.35E-5
havoc,3.16E-6
hazel,3.47E-6
heady,8.51E-7
heard,1.86E-4
heart,2.04E-4
heath,5.75E-6
heave,7.94E-7
heavy,9.12E-5
hedge,5.5E-6
hefty,2.29E-6
heist,2.45E-6
helix,1.82E-6
hello,5.25E-5
hence,2.4E-5
heron,1.23E-6
hilly,1.48E-6
hinge,2.09E-6
hippo,1.35E-6
hippy,1.0E-6
hitch,2.63E-6
hoard,1.7E-6
hobby,8.71E-6
hoist,1.32E-6
holly,7.59E-6
homer,7.76E-6
honey,2.34E-5
honor,4.9E-5
horde,1.7E-6
horny,6.17E-6
horse,5.75E-5
hotel,8.91E-5
hotly,8.51E-7
hound,2.69E-6
house,5.13E-4
hovel,2.04E-7
hover,1.82E-6
howdy,1.2E-6
human,2.24E-4
humid,3.16E-6
humor,1.55E-5
humph,1.51E-7
humus,2.4E-7
hunch,1.17E-6
hunky,5.25E-7
hurry,1.38E-5
husky,1.95E-6
hussy,1.48E-7
hutch,1.1E-6
hydro,4.27E-6
hyena,6.31E-7
hymen,3.72E-7
hyper,4.9E-6
icily,4.37E-8
icing,3.09E-6
ideal,2.75E-5
idiom,9.33E-7
idiot,2.45E-5
idler,2.0E-7
idyll,2.75E-7
igloo,4.37E-7
iliac,2.29E-7
image,8.71E-5
imbue,2.63E-7
impel,2.29E-7
imply,6.76E-6
inane,5.01E-7
inbox,3.24E-6
incur,2.0E-6
index,3.72E-5
inept,1.35E-6
inert,1.23E-6
infer,1.45E-6
ingot,2.4E-7
inlay,4.79E-7
inlet,2.82E-6
inner,3.16E-5
input,2.24E-5
inter,1.45E-5
intro,6.46E-6
ionic,1.62E-6
irate,6.03E-7
irony,7.24E-6
islet,5.75E-7
issue,1.7E-4
itchy,2.19E-6
ivory,7.08E-6
jaunt,3.98E-7
jazzy,1.0E-6
jelly,5.89E-6
jerky,1.26E-6
jetty,1.1E-6
jewel,4.79E-6
jiffy,4.37E-7
joint,5.13E-5
joist,1.78E-7
joker,5.5E-6
jolly,3.72E-6
joust,2.95E-7
judge,8.91E-5
juice,2.29E-5
juicy,5.01E-6
jumbo,2.4E-6
jumpy,4.68E-7
junta,2.19E-6
junto,7.59E-8
juror,1.35E-6
kappa,2.88E-6
karma,7.59E-6
kayak,1.74E-6
kebab,1.07E-6
khaki,1.1E-6
kinky,2.34E-6
kiosk,1.0E-6
kitty,9.55E-6
knack,1.82E-6
knave,3.16E-7
knead,3.72E-7
kneed,2.75E-7
kneel,1.74E-6
knelt,6.31E-7
knife,2.57E-5
knock,2.24E-5
knoll,7.94E-7
known,2.45E-4
koala,1.1E-6
krill,4.27E-7
label,2.69E-5
labor,5.89E-5
laden,5.5E-6
ladle,4.57E-7
lager,1.45E-6
lance,8.71E-6
lanky,5.37E-7
lapel,5.89E-7
lapse,3.09E-6
large,2.45E-4
larva,9.77E-7
lasso,5.5E-7
latch,2.19E-6
later,3.09E-4
lathe,8.13E-7
latte,2.0E-6
laugh,4.57E-5
layer,2.51E-5
leach,1.78E-6
leafy,2.0E-6
leaky,1.15E-6
leant,2.69E-7
leapt,1.12E-6
learn,1.48E-4
lease,1.48E-5
leash,2.95E-6
least,2.75E-4
leave,2.19E-4
ledge,2.57E-6
leech,1.48E-6
leery,3.8E-7
lefty,1.78E-6
legal,1.2E-4
leggy,3.02E-7
lemon,1.26E-5
lemur,3.72E-7
leper,6.17E-7
level,2.57E-4
lever,4.37E-6
libel,2.19E-6
liege,8.91E-7
light,2.14E-4
liken,3.72E-7
lilac,1.29E-6
limbo,2.04E-6
limit,5.01E-5
linen,4.07E-6
liner,5.62E-6
lingo,1.02E-6
lipid,1.95E-6
lithe,3.02E-7
liver,1.51E-5
livid,9.77E-7
llama,8.91E-7
loamy,1.66E-7
loath,4.68E-7
lobby,1.07E-5
local,2.69E-4
locus,1.51E-6
lodge,1.2E-5
lofty,2.19E-6
logic,2.29E-5
login,3.09E-6
loopy,4.68E-7
loose,2.88E-5
lorry,1.62E-6
loser,1.02E-5
louse,3.98E-7
lousy,2.04E-6
lover,1.82E-5
lower,1.29E-4
lowly,1.86E-6
loyal,1.58E-5
lucid,1.86E-6
lucky,5.89E-5
lumen,1.23E-6
lumpy,6.92E-7
lunar,5.89E-6
lunch,4.57E-5
lunge,7.08E-7
lupus,1.58E-6
lurch,6.17E-7
lurid,5.37E-7
lusty,6.31E-7
lying,4.68E-5
lymph,1.58E-6
lynch,8.71E-6
lyric,4.27E-6
macaw,2.14E-7
macho,1.82E-6
macro,5.13E-6
madam,3.89E-6
madly,1.48E-6
mafia,6.76E-6
magic,5.75E-5
magma,1.55E-6
maize,2.19E-6
major,2.0E-4
maker,1.7E-5
mambo,6.03E-7
mamma,2.09E-6
mammy,4.17E-7
manga,9.33E-6
mange,3.16E-7
mango,3.63E-6
mangy,1.26E-7
mania,2.75E-6
manic,2.09E-6
manly,4.57E-6
manor,6.46E-6
maple,7.24E-6
march,1.82E-4
marry,2.51E-5
marsh,7.41E-6
mason,1.38E-5
masse,1.41E-6
match,1.35E-4
matey,3.16E-7
mauve,5.13E-7
maxim,2.45E-6
maybe,2.82E-4
mayor,4.17E-5
mealy,2.51E-7
meant,8.71E-5
meaty,1.02E-6
mecca,2.4E-6
medal,2.45E-5
media,2.0E-4
medic,2.63E-6
melee,1.66E-6
melon,2.09E-6
mercy,1.78E-5
merge,5.62E-6
merit,1.2E-5
merry,6.76E-6
metal,6.61E-5
meter,1.23E-5
metro,1.51E-5
micro,1.2E-5
midge,5.75E-7
midst,7.76E-6
might,4.57E-4
milky,3.16E-6
mimic,3.09E-6
mince,1.05E-6
miner,3.8E-6
minim,9.77E-8
minor,4.17E-5
minty,4.9E-7
minus,1.0E-5
mirth,4.17E-7
miser,3.63E-7
missy,1.82E-6
mocha,9.55E-7
modal,1.35E-6
model,1.35E-4
modem,2.51E-6
mogul,1.17E-6
moist,4.9E-6
molar,9.77E-7
moldy,4.9E-7
money,4.37E-4
month,1.78E-4
moody,5.01E-6
moose,4.07E-6
moral,2.88E-5
moron,5.62E-6
morph,1.17E-6
mossy,4.37E-7
motel,4.07E-6
motif,2.51E-6
motor,3.39E-5
motto,5.25E-6
moult,1.78E-7
mound,3.98E-6
mount,2.95E-5
mourn,2.69E-6
mouse,2.04E-5
mouth,6.76E-5
mover,1.62E-6
movie,1.45E-4
mower,1.26E-6
mucky,1.95E-7
mucus,1.41E-6
muddy,3.98E-6
mulch,7.94E-7
mummy,3.72E-6
munch,1.2E-6
mural,3.09E-6
murky,1.32E-6
mushy,8.71E-7
music,3.31E-4
musky,2.69E-7
musty,6.76E-7
myrrh,3.63E-7
nadir,7.24E-7
naive,5.62E-6
nanny,3.89E-6
nasal,3.09E-6
nasty,1.66E-5
natal,2.57E-6
naval,1.74E-5
navel,8.91E-7
needy,3.8E-6
neigh,3.09E-7
nerdy,1.48E-6
nerve,1.55E-5
never,8.13E-4
newer,8.71E-6
newly,2.63E-5
nicer,4.47E-6
niche,7.08E-6
niece,6.61E-6
night,4.07E-4
ninja,7.41E-6
ninny,8.51E-8
ninth,1.17E-5
noble,1.74E-5
nobly,2.45E-7
noise,3.55E-5
noisy,4.68E-6
nomad,1.17E-6
noose,9.55E-7
north,2.19E-4
nosey,3.55E-7
notch,6.03E-6
novel,4.27E-5
nudge,1.66E-6
nurse,2.51E-5
nutty,1.55E-6
nylon,2.63E-6
nymph,7.41E-7
oaken,8.71E-8
obese,4.79E-6
occur,2.95E-5
ocean,5.01E-5
octal,1.35E-7
octet,1.74E-7
odder,1.26E-7
oddly,3.63E-6
offal,3.24E-7
offer,1.12E-4
often,2.57E-4
olden,6.92E-7
older,8.32E-5
olive,1.23E-5
ombre,3.89E-7
omega,6.03E-6
onion,7.76E-6
onset,5.25E-6
opera,1.86E-5
opine,2.0E-7
opium,2.88E-6
optic,4.47E-6
orbit,1.07E-5
order,3.09E-4
organ,1.38E-5
other,0.00145
otter,2.34E-6
ought,2.24E-5
ounce,6.31E-6
outdo,5.25E-7
outer,1.78E-5
outgo,2.19E-8
ovary,8.71E-7
ovate,3.8E-7
overt,2.04E-6
ovine,4.79E-8
ovoid,2.63E-7
owing,5.37E-6
owner,6.76E-5
oxide,4.57E-6
ozone,2.63E-6
paddy,4.17E-6
pagan,3.63E-6
paint,3.31E-5
paler,7.41E-7
palsy,1.58E-6
panel,3.55E-5
panic,1.82E-5
pansy,5.89E-7
papal,2.51E-6
paper,1.17E-4
parer,3.55E-8
parka,5.75E-7
parry,2.75E-6
parse,9.55E-7
party,3.09E-4
pasta,8.32E-6
paste,8.13E-6
pasty,7.59E-7
patch,1.58E-5
patio,2.75E-6
patsy,1.32E-6
patty,3.8E-6
pause,1.0E-5
payee,1.95E-7
payer,1.66E-6
peace,1.05E-4
peach,5.89E-6
pearl,1.38E-5
pecan,8.51E-7
pedal,4.37E-6
penal,2.88E-6
pence,4.57E-6
penne,2.95E-7
penny,1.17E-5
perch,1.95E-6
peril,2.51E-6
perky,8.91E-7
pesky,1.26E-6
pesto,7.59E-7
petal,1.1E-6
petty,1.17E-5
phase,4.37E-5
phone,2.0E-4
phony,2.24E-6
photo,9.33E-5
piano,2.04E-5
picky,2.19E-6
piece,1.1E-4
piety,1.23E-6
piggy,2.0E-6
pilot,3.31E-5
pinch,5.75E-6
piney,3.02E-7
pinky,2.45E-6
pinto,1.32E-6
piper,4.79E-6
pique,8.51E-7
pitch,2.69E-5
pithy,4.07E-7
pivot,3.16E-6
pixel,5.25E-6
pixie,1.41E-6
pizza,2.69E-5
place,5.13E-4
plaid,2.14E-6
plain,2.69E-5
plait,2.63E-7
plane,5.25E-5
plank,2.88E-6
plant,7.76E-5
plate,3.55E-5
plaza,8.13E-6
plead,4.27E-6
pleat,1.55E-7
plied,3.63E-7
plier,4.57E-8
pluck,1.35E-6
plumb,8.32E-7
plume,1.55E-6
plump,1.55E-6
plunk,1.29E-7
plush,2.14E-6
poesy,4.57E-8
point,3.47E-4
poise,1.1E-6
poker,9.33E-6
polar,9.12E-6
polka,1.58E-6
polyp,2.45E-7
pooch,9.33E-7
poppy,3.89E-6
porch,7.08E-6
poser,4.68E-7
posit,5.75E-7
posse,1.51E-6
pouch,2.69E-6
pound,2.09E-5
pouty,2.4E-7
power,3.31E-4
prank,5.01E-6
prawn,7.41E-7
preen,1.45E-7
press,1.45E-4
price,1.7E-4
prick,3.98E-6
pride,3.09E-5
pried,2.45E-7
prime,6.46E-5
primo,9.77E-7
print,3.47E-5
prior,7.08E-5
prism,2.75E-6
privy,2.88E-6
prize,3.89E-5
probe,9.77E-6
prone,8.51E-6
prong,6.31E-7
proof,5.01E-5
prose,5.25E-6
proud,6.03E-5
prove,5.89E-5
prowl,5.62E-7
proxy,5.37E-6
prude,3.8E-7
prune,9.12E-7
psalm,3.63E-6
pubic,1.17E-6
pudgy,2.95E-7
puffy,1.35E-6
pulpy,1.7E-7
pulse,1.15E-5
punch,2.09E-5
pupal,1.41E-7
pupil,6.46E-6
puppy,1.0E-5
puree,7.41E-7
purer,3.39E-7
purge,3.72E-6
purse,8.91E-6
pushy,1.0E-6
putty,7.76E-7
pygmy,5.25E-7
quack,1.15E-6
quail,1.35E-6
quake,2.82E-6
qualm,7.76E-8
quark,1.12E-6
quart,1.02E-6
quash,5.62E-7
quasi,3.09E-6
queen,7.24E-5
queer,5.75E-6
quell,1.0E-6
query,4.37E-6
quest,1.86E-5
queue,6.03E-6
quick,9.55E-5
quiet,4.47E-5
quill,1.29E-6
quilt,1.78E-6
quirk,1.35E-6
quite,1.95E-4
quota,3.39E-6
quote,3.24E-5
quoth,1.2E-7
rabbi,4.9E-6
rabid,1.35E-6
racer,2.82E-6
radar,1.58E-5
radii,3.55E-7
radio,1.02E-4
rainy,5.5E-6
raise,5.62E-5
rajah,4.47E-7
rally,2.19E-5
ralph,1.26E-5
ramen,2.24E-6
ranch,1.07E-5
randy,8.32E-6
range,1.32E-4
rapid,2.4E-5
rarer,1.12E-6
raspy,4.37E-7
ratio,2.34E-5
ratty,2.95E-7
raven,6.17E-6
rayon,9.77E-7
razor,5.25E-6
reach,8.71E-5
react,1.45E-5
ready,1.91E-4
realm,1.15E-5
rearm,1.38E-7
rebar,3.72E-7
rebel,1.2E-5
rebus,3.39E-7
rebut,3.98E-7
recap,2.82E-6
recur,4.47E-7
recut,1.35E-7
reedy,3.63E-7
refer,2.82E-5
refit,4.68E-7
regal,2.19E-6
rehab,6.17E-6
reign,1.17E-5
relax,1.95E-5
relay,7.24E-6
relic,2.34E-6
remit,1.23E-6
renal,2.75E-6
renew,5.37E-6
repay,4.57E-6
repel,1.58E-6
reply,3.16E-5
rerun,7.94E-7
reset,6.76E-6
resin,4.07E-6
retch,1.1E-7
retro,5.37E-6
retry,3.72E-7
reuse,2.34E-6
revel,1.29E-6
revue,1.17E-6
rhino,3.72E-6
rhyme,3.63E-6
rider,1.05E-5
ridge,1.32E-5
rifle,1.51E-5
right,9.12E-4
rigid,5.62E-6
rigor,1.17E-6
rinse,3.02E-6
ripen,4.37E-7
riper,8.91E-8
risen,7.24E-6
riser,7.59E-7
risky,8.71E-6
rival,1.51E-5
river,1.07E-4
rivet,4.9E-7
roach,2.75E-6
roast,7.41E-6
robin,2.14E-5
robot,1.74E-5
rocky,1.45E-5
rodeo,2.95E-6
roger,2.45E-5
rogue,7.76E-6
roomy,4.68E-7
roost,1.0E-6
rotor,2.63E-6
rouge,4.57E-6
rough,3.09E-5
round,1.38E-4
rouse,1.26E-6
route,4.68E-5
rover,5.75E-6
rowdy,1.62E-6
rower,1.29E-6
royal,7.08E-5
ruddy,1.02E-6
ruder,1.35E-7
rugby,2.51E-5
ruler,6.92E-6
rumba,4.27E-7
rumor,5.37E-6
rupee,1.1E-6
rural,3.89E-5
rusty,4.07E-6
sadly,1.51E-5
safer,1.23E-5
saint,2.57E-5
salad,1.41E-5
sally,9.33E-6
salon,7.41E-6
salsa,3.39E-6
salty,5.5E-6
salve,6.46E-7
salvo,7.24E-7
sandy,1.55E-5
saner,1.78E-7
sappy,4.79E-7
sassy,1.62E-6
satin,2.45E-6
satyr,2.95E-7
sauce,2.0E-5
saucy,7.94E-7
sauna,1.78E-6
saute,2.88E-7
savor,9.55E-7
savoy,1.23E-6
savvy,3.63E-6
scald,1.48E-7
scale,6.76E-5
scalp,3.02E-6
scaly,6.46E-7
scamp,2.09E-7
scant,1.26E-6
scare,1.17E-5
scarf,4.79E-6
scary,2.34E-5
scene,9.33E-5
scent,6.61E-6
scion,1.07E-6
scoff,6.03E-7
scold,6.46E-7
scone,5.5E-7
scoop,4.9E-6
scope,1.82E-5
score,6.76E-5
scorn,1.35E-6
scour,9.33E-7
scout,9.33E-6
scowl,3.24E-7
scram,2.24E-7
scrap,7.94E-6
scree,2.04E-7
screw,1.78E-5
scrub,4.9E-6
scrum,1.78E-6
scuba,2.04E-6
sedan,3.55E-6
seedy,6.76E-7
segue,3.63E-7
seize,6.31E-6
semen,2.4E-6
sense,1.55E-4
sepia,6.03E-7
serif,4.37E-7
serum,5.5E-6
serve,7.08E-5
setup,1.23E-5
seven,1.2E-4
sever,1.41E-6
sewer,4.37E-6
shack,2.69E-6
shade,1.45E-5
shady,5.13E-6
shaft,7.94E-6
shake,2.14E-5
shaky,2.82E-6
shale,4.9E-6
shall,1.07E-4
shalt,2.19E-6
shame,3.55E-5
shank,1.17E-6
shape,5.25E-5
shard,1.0E-6
share,1.58E-4
shark,1.26E-5
sharp,3.02E-5
shave,6.76E-6
shawl,1.48E-6
shear,2.51E-6
sheen,2.19E-6
sheep,1.55E-5
sheer,1.02E-5
sheet,2.51E-5
sheik,1.26E-6
shelf,1.05E-5
shell,2.45E-5
shied,3.24E-7
shift,3.72E-5
shine,1.48E-5
shiny,7.59E-6
shire,2.95E-6
shirk,4.57E-7
shirt,4.27E-5
shoal,8.51E-7
shock,2.88E-5
shone,1.7E-6
shook,1.12E-5
shoot,5.37E-5
shore,2.14E-5
shorn,3.39E-7
short,2.14E-4
shout,1.15E-5
shove,4.57E-6
shown,7.94E-5
showy,6.17E-7
shrew,5.62E-7
shrub,1.55E-6
shrug,2.0E-6
shuck,2.34E-7
shunt,6.61E-7
shush,5.62E-7
shyly,2.63E-7
siege,8.51E-6
sieve,1.0E-6
sight,3.47E-5
sigma,3.24E-6
silky,1.82E-6
silly,2.45E-5
since,5.62E-4
sinew,2.14E-7
singe,2.69E-7
siren,2.88E-6
sissy,1.7E-6
sixth,2.4E-5
sixty,8.51E-6
skate,5.5E-6
skier,1.58E-6
skiff,4.27E-7
skill,2.63E-5
skimp,3.31E-7
skirt,9.12E-6
skulk,7.76E-8
skull,1.23E-5
skunk,1.26E-6
slack,5.13E-6
slain,3.47E-6
slang,3.55E-6
slant,1.51E-6
slash,4.47E-6
slate,6.61E-6
slave,2.04E-5
sleek,2.19E-6
sleep,1.12E-4
sleet,6.76E-7
slept,1.51E-5
slice,1.0E-5
slick,5.13E-6
slide,2.0E-5
slime,2.4E-6
slimy,1.2E-6
sling,2.19E-6
slink,2.4E-7
sloop,6.31E-7
slope,7.94E-6
slosh,1.26E-7
sloth,1.26E-6
slump,2.29E-6
slung,7.08E-7
slunk,9.33E-8
slurp,3.63E-7
slush,9.77E-7
slyly,2.88E-7
smack,4.37E-6
small,3.24E-4
smart,6.76E-5
smash,1.23E-5
smear,2.88E-6
smell,3.09E-5
smelt,9.77E-7
smile,4.37E-5
smirk,1.1E-6
smite,8.51E-7
smith,7.76E-5
smock,3.72E-7
smoke,4.68E-5
smoky,2.14E-6
smote,2.0E-7
snack,7.94E-6
snail,4.68E-6
snake,1.7E-5
snaky,5.25E-8
snare,1.78E-6
snarl,4.17E-7
sneak,9.77E-6
sneer,5.01E-7
snide,3.89E-7
sniff,2.75E-6
snipe,1.1E-6
snoop,2.51E-6
snore,5.75E-7
snort,1.02E-6
snout,1.2E-6
snowy,2.88E-6
snuck,1.86E-6
snuff,1.41E-6
soapy,5.62E-7
sober,8.71E-6
soggy,1.38E-6
solar,3.39E-5
solid,5.37E-5
solve,2.63E-5
sonar,2.0E-6
sonic,8.51E-6
sooth,2.34E-7
sooty,3.24E-7
sorry,1.51E-4
sound,1.41E-4
south,2.51E-4
sower,1.48E-7
space,1.7E-4
spade,2.14E-6
spank,1.2E-6
spare,1.91E-5
spark,9.77E-6
spasm,6.76E-7
spawn,2.4E-6
speak,1.07E-4
spear,5.01E-6
speck,1.05E-6
speed,1.0E-4
spell,2.34E-5
spelt,1.51E-6
spend,9.33E-5
spent,1.05E-4
sperm,6.92E-6
spice,8.71E-6
spicy,6.31E-6
spied,1.2E-6
spiel,4.57E-7
spike,9.12E-6
spiky,5.62E-7
spill,6.92E-6
spilt,8.13E-7
spine,8.51E-6
spiny,4.37E-7
spire,1.29E-6
spite,1.1E-5
splat,5.01E-7
split,4.47E-5
spoil,6.46E-6
spoke,4.07E-5
spoof,1.26E-6
spook,7.59E-7
spool,6.92E-7
spoon,7.59E-6
spore,1.0E-6
sport,5.37E-5
spout,1.29E-6
spray,1.51E-5
spree,3.63E-6
sprig,2.69E-7
spunk,4.57E-7
spurn,2.29E-7
spurt,6.92E-7
squad,4.68E-5
squat,3.02E-6
squib,1.95E-7
stack,1.12E-5
staff,1.2E-4
stage,1.26E-4
staid,3.8E-7
stain,5.01E-6
stair,1.82E-6
stake,1.41E-5
stale,2.69E-6
stalk,2.88E-6
stall,6.17E-6
stamp,1.29E-5
stand,1.38E-4
stank,5.75E-7
stare,8.13E-6
stark,1.02E-5
start,3.63E-4
stash,3.47E-6
state,6.03E-4
stave,1.1E-6
stead,1.55E-6
steak,9.33E-6
steal,2.57E-5
steam,3.31E-5
steed,8.91E-7
steel,5.13E-5
steep,9.77E-6
steer,5.25E-6
stein,4.47E-6
stern,7.94E-6
stick,5.75E-5
stiff,7.94E-6
still,8.32E-4
stilt,2.34E-7
sting,6.31E-6
stink,2.88E-6
stint,4.07E-6
stock,8.51E-5
stoic,1.41E-6
stoke,5.37E-6
stole,1.62E-5
stomp,1.78E-6
stone,6.31E-5
stony,2.0E-6
stood,3.72E-5
stool,3.31E-6
stoop,1.38E-6
store,1.05E-4
stork,7.59E-7
storm,4.57E-5
story,2.82E-4
stout,2.82E-6
stove,5.13E-6
strap,6.17E-6
straw,9.77E-6
stray,5.5E-6
strip,2.29E-5
strut,1.45E-6
stuck,4.79E-5
study,1.82E-4
stuff,1.38E-4
stump,2.82E-6
stung,1.91E-6
stunk,2.45E-7
stunt,7.24E-6
style,1.29E-4
suave,7.94E-7
sugar,4.79E-5
suing,3.16E-6
suite,1.51E-5
sulky,2.14E-7
sully,1.29E-6
sumac,2.19E-7
sunny,1.17E-5
super,1.2E-4
surer,1.51E-7
surge,6.61E-6
surly,7.08E-7
sushi,4.79E-6
swami,1.1E-6
swamp,6.92E-6
swarm,2.75E-6
swash,1.62E-7
swath,6.76E-7
swear,3.24E-5
sweat,1.38E-5
sweep,9.33E-6
sweet,8.13E-5
swell,4.37E-6
swept,8.71E-6
swift,1.41E-5
swill,2.09E-7
swine,2.88E-6
swing,2.19E-5
swirl,1.45E-6
swish,7.76E-7
swoon,7.59E-7
swoop,1.58E-6
sword,2.34E-5
swore,3.39E-6
sworn,7.94E-6
swung,2.95E-6
synod,2.09E-6
syrup,5.75E-6
tabby,6.17E-7
table,1.12E-4
taboo,2.95E-6
tacit,8.71E-7
tacky,1.51E-6
taffy,5.13E-7
taint,9.55E-7
taken,2.14E-4
taker,1.7E-6
tally,4.17E-6
talon,9.33E-7
tamer,5.5E-7
tango,3.8E-6
tangy,4.37E-7
taper,2.0E-6
tapir,1.95E-7
tardy,4.9E-7
tarot,1.32E-6
taste,5.37E-5
tasty,6.92E-6
tatty,1.55E-7
taunt,9.12E-7
tawny,5.89E-7
teach,4.68E-5
teary,6.92E-7
tease,3.89E-6
teddy,7.59E-6
teeth,3.8E-5
tempo,5.5E-6
tenet,1.0E-6
tenor,2.51E-6
tense,8.91E-6
tenth,8.32E-6
tepee,1.07E-7
tepid,5.13E-7
terra,2.75E-6
terse,4.68E-7
testy,3.47E-7
thank,3.02E-4
theft,1.35E-5
their,0.00214
theme,4.17E-5
there,0.00204
these,0.0011
theta,1.45E-6
thick,2.88E-5
thief,7.59E-6
thigh,5.37E-6
thing,5.25E-4
think,0.0012
third,2.09E-4
thong,1.45E-6
thorn,3.02E-6
those,7.94E-4
three,6.03E-4
threw,2.88E-5
throb,4.79E-7
throw,6.76E-5
thrum,9.33E-8
thumb,1.02E-5
thump,9.33E-7
thyme,1.17E-6
tiara,9.55E-7
tibia,7.94E-7
tidal,5.01E-6
tiger,2.0E-5
tight,3.72E-5
tilde,1.55E-7
timer,4.79E-6
timid,1.78E-6
tipsy,7.41E-7
titan,4.9E-6
tithe,7.59E-7
title,1.26E-4
toast,9.12E-6
today,3.55E-4
toddy,3.55E-7
token,6.61E-6
tonal,1.23E-6
tonga,1.26E-6
tonic,2.45E-6
tooth,1.2E-5
topaz,7.41E-7
topic,3.09E-5
torch,5.5E-6
torso,2.57E-6
torus,3.72E-7
total,1.62E-4
totem,1.23E-6
touch,8.13E-5
tough,5.89E-5
towel,8.71E-6
tower,3.16E-5
toxic,1.74E-5
toxin,2.0E-6
trace,1.55E-5
track,1.05E-4
tract,5.13E-6
trade,1.32E-4
trail,2.82E-5
train,9.12E-5
trait,4.9E-6
tramp,1.62E-6
trash,2.63E-5
trawl,4.47E-7
tread,3.31E-6
treat,5.62E-5
trend,3.24E-5
triad,1.7E-6
trial,7.41E-5
tribe,1.32E-5
trice,2.51E-7
trick,3.02E-5
tried,1.45E-4
tripe,5.13E-7
trite,6.31E-7
troll,5.37E-6
troop,4.9E-6
trope,1.26E-6
trout,6.03E-6
trove,1.1E-6
truce,3.31E-6
truck,4.37E-5
truer,9.33E-7
truly,7.41E-5
trump,8.51E-5
trunk,1.07E-5
truss,1.95E-6
trust,1.35E-4
truth,1.12E-4
tryst,3.63E-7
tubal,3.63E-7
tuber,4.37E-7
tulip,1.51E-6
tulle,4.17E-7
tumor,9.33E-6
tunic,1.2E-6
turbo,5.5E-6
tutor,4.68E-6
twang,3.63E-7
tweak,1.86E-6
tweed,1.78E-6
tweet,1.48E-5
twice,6.92E-5
twine,8.51E-7
twirl,4.9E-7
twist,1.66E-5
twixt,1.2E-7
tying,4.79E-6
udder,1.95E-7
ulcer,1.07E-6
ultra,1.7E-5
umbra,2.45E-7
uncle,2.82E-5
uncut,1.78E-6
under,5.37E-4
undid,3.39E-7
undue,1.95E-6
unfed,4.27E-8
unfit,3.31E-6
unify,1.17E-6
union,1.2E-4
unite,7.94E-6
unity,1.66E-5
unlit,2.75E-7
unmet,5.37E-7
unset,6.61E-8
untie,3.24E-7
until,4.07E-4
unwed,3.31E-7
unzip,3.55E-7
upper,5.25E-5
upset,4.07E-5
urban,4.47E-5
urine,6.92E-6
usage,1.7E-5
usher,3.24E-6
using,2.95E-4
usual,4.17E-5
usurp,5.01E-7
utile,4.57E-8
utter,7.08E-6
vague,7.41E-6
valet,1.48E-6
valid,2.4E-5
valor,1.7E-6
value,1.41E-4
valve,1.35E-5
vapid,3.16E-7
vapor,3.63E-6
vault,7.94E-6
vaunt,2.45E-8
vegan,8.91E-6
venom,3.72E-6
venue,1.78E-5
verge,4.68E-6
verse,1.51E-5
verso,5.25E-7
verve,7.08E-7
vicar,2.34E-6
video,2.69E-4
vigil,1.74E-6
vigor,1.07E-6
villa,1.58E-5
vinyl,1.0E-5
viola,3.47E-6
viper,2.04E-6
viral,1.2E-5
virus,2.63E-5
visit,1.1E-4
visor,9.55E-7
vista,5.13E-6
vital,2.4E-5
vivid,5.62E-6
vixen,8.71E-7
vocal,1.45E-5
vodka,6.76E-6
vogue,5.13E-6
voice,1.17E-4
voila,8.51E-7
vomit,3.39E-6
voter,1.29E-5
vouch,1.35E-6
vowel,2.14E-6
vying,8.32E-7
wacky,1.95E-6
wafer,1.35E-6
wager,2.69E-6
wagon,7.94E-6
waist,9.12E-6
waive,1.74E-6
waltz,2.4E-6
warty,1.2E-7
waste,6.46E-5
watch,2.19E-4
water,3.31E-4
waver,5.62E-7
waxen,4.9E-8
weary,4.07E-6
weave,3.39E-6
wedge,4.17E-6
weedy,2.34E-7
weigh,9.77E-6
weird,6.46E-5
welch,2.34E-6
welsh,1.41E-5
wench,4.68E-7
whack,2.69E-6
whale,9.55E-6
wharf,3.02E-6
wheat,1.02E-5
wheel,3.16E-5
whelp,3.09E-7
where,0.001
which,0.002
whiff,1.66E-6
while,7.24E-4
whine,1.91E-6
whiny,7.76E-7
whirl,9.12E-7
whisk,1.29E-6
white,3.24E-4
whole,2.88E-4
whoop,1.58E-6
whose,1.17E-4
widen,1.78E-6
wider,1.74E-5
widow,1.2E-5
width,1.05E-5
wield,1.62E-6
wight,1.7E-6
willy,4.07E-6
wimpy,5.75E-7
wince,4.07E-7
winch,1.1E-6
windy,3.72E-6
wiser,3.02E-6
wispy,2.63E-7
witch,1.29E-5
witty,3.63E-6
woken,2.34E-6
woman,2.24E-4
women,3.72E-4
woody,6.61E-6
wooer,1.51E-8
wooly,3.09E-7
woozy,2.51E-7
wordy,3.63E-7
world,7.76E-4
worry,6.92E-5
worse,7.76E-5
worst,8.51E-5
worth,1.45E-4
would,0.00186
wound,1.74E-5
woven,3.63E-6
wrack,1.62E-7
wrath,5.01E-6
wreak,8.71E-7
wreck,9.12E-6
wrest,4.27E-7
wring,5.62E-7
wrist,1.02E-5
write,1.07E-4
wrong,2.45E-4
wrote,1.1E-4
wrung,2.29E-7
wryly,2.57E-7
yacht,6.61E-6
yearn,9.33E-7
yeast,4.68E-6
yield,1.45E-5
young,2.69E-4
youth,5.62E-5
zebra,2.51E-6
zesty,2.57E-7
zonal,5.5E-7
